<platform>

  <name>Felix 1.0.3</name>
  <system>link:classpath:runner-links/org.apache.felix.main-1.0.3.link</system>

  <packages>
    org.osgi.framework; version=1.3.0,
    org.osgi.service.packageadmin; version=1.2.0,
    org.osgi.service.startlevel; version=1.0.0,
    org.osgi.service.url; version=1.0.0,
    org.osgi.util.tracker; version=1.3.2
  </packages>

  <profile name="minimal" default="true"/>

  <profile name="tui" extends="minimal">
    <bundle>
      <name>org.apache.felix.shell</name>
      <url>link:classpath:runner-links/org.apache.felix.shell-1.0.0.link</url>
    </bundle>
    <bundle>
      <name>org.apache.felix.shell.tui.plugin</name>
      <url>link:classpath:runner-links/org.apache.felix.shell.tui-1.0.0.link</url>
    </bundle>
  </profile>

</platform>
