<platform>

  <name>Felix 4.0.3</name>
  <system>link:classpath:runner-links/org.apache.felix.main-4.0.3.link</system>

  <packages>
    org.osgi.framework; version=1.6.0,
    org.osgi.framework.launch; version=1.0.0,
    org.osgi.framework.wiring; version=1.0.0,
    org.osgi.framework.startlevel; version=1.0.0,
    org.osgi.framework.hooks.bundle; version=1.0.0,
    org.osgi.framework.hooks.resolver; version=1.0.0,
    org.osgi.framework.hooks.service; version=1.1.0,
    org.osgi.framework.hooks.weaving; version=1.0.0,
    org.osgi.service.packageadmin; version=1.2.0,
    org.osgi.service.startlevel; version=1.1.0,
    org.osgi.service.url; version=1.0.0,
    org.osgi.util.tracker;version=1.5.0
  </packages>

  <profile name="minimal" default="true"/>

  <profile name="tui" extends="minimal">
      <bundle>
        <name>Apache Felix Gogo Command (0.12.0)</name>
        <url>link:classpath:runner-links/org.apache.felix.gogo.command-0.12.0.link</url>
      </bundle>
      <bundle>
        <name>Apache Felix Gogo Runtime (0.10.0)</name>
        <url>link:classpath:runner-links/org.apache.felix.gogo.runtime-0.10.0.link</url>
      </bundle>
      <bundle>
        <name>Apache Felix Gogo Shell (0.10.0)</name>
        <url>link:classpath:runner-links/org.apache.felix.gogo.shell-0.10.0.link</url>
      </bundle>
  </profile>

</platform>
