<platform>

    <name>Felix 5.4.0</name>
    <system>link:classpath:runner-links/org.apache.felix.main-5.4.0.link</system>

    <packages>
        org.osgi.framework;version="1.8",
        org.osgi.framework.dto;version="1.8";uses:="org.osgi.dto",
        org.osgi.framework.hooks.bundle;version="1.1";uses:="org.osgi.framework",
        org.osgi.framework.hooks.resolver;version="1.0";uses:="org.osgi.framework.wiring",
        org.osgi.framework.hooks.service;version="1.1";uses:="org.osgi.framework",
        org.osgi.framework.hooks.weaving;version="1.1";uses:="org.osgi.framework.wiring",
        org.osgi.framework.launch;version="1.2";uses:="org.osgi.framework",
        org.osgi.framework.namespace;version="1.1";uses:="org.osgi.resource",
        org.osgi.framework.startlevel;version="1.0";uses:="org.osgi.framework",
        org.osgi.framework.startlevel.dto;version="1.0";uses:="org.osgi.dto",
        org.osgi.framework.wiring;version="1.2";uses:="org.osgi.framework,org.osgi.resource",
        org.osgi.framework.wiring.dto;version="1.2";uses:="org.osgi.dto,org.osgi.resource.dto",
        org.osgi.resource;version="1.0",
        org.osgi.resource.dto;version="1.0";uses:="org.osgi.dto",
        org.osgi.service.packageadmin;version="1.2";uses:="org.osgi.framework",
        org.osgi.service.startlevel;version="1.1";uses:="org.osgi.framework",
        org.osgi.service.url;version="1.0",
        org.osgi.service.resolver;version="1.0";uses:="org.osgi.resource",
        org.osgi.util.tracker;version="1.5.1";uses:="org.osgi.framework",
        org.osgi.dto;version="1.0"
    </packages>

    <profile name="minimal" default="true"/>

    <profile name="tui" extends="minimal">
        <bundle>
            <name>Apache Felix Gogo Command (0.16.0)</name>
            <url>link:classpath:runner-links/org.apache.felix.gogo.command-0.16.0.link</url>
        </bundle>
        <bundle>
            <name>Apache Felix Gogo Runtime (0.16.2)</name>
            <url>link:classpath:runner-links/org.apache.felix.gogo.runtime-0.16.2.link</url>
        </bundle>
        <bundle>
            <name>Apache Felix Gogo Shell (0.12.0)</name>
            <url>link:classpath:runner-links/org.apache.felix.gogo.shell-0.12.0.link</url>
        </bundle>
    </profile>

</platform>
