<platform>

  <name>Knopflerfish 3.5.0</name>
  <system>link:classpath:runner-links/org.knopflerfish.framework-3.5.0.link</system>

  <profile name="minimal" default="true"/>

  <profile name="tui" extends="minimal">
    <bundle>
      <name>Knopflerfish Log API</name>
      <url>link:classpath:runner-links/org.knopflerfish.log-api-3.1.3.link</url>
    </bundle>
    <bundle>
      <name>Knopflerfish Config Admin API</name>
      <url>link:classpath:runner-links/org.knopflerfish.cm-api-3.0.4.link</url>
    </bundle>
    <bundle>
      <name>Knopflerfish Console</name>
      <url>link:classpath:runner-links/org.knopflerfish.console-all-3.0.4.link</url>
    </bundle>
    <bundle>
      <name>Knopflerfish Console TTY</name>
      <url>link:classpath:runner-links/org.knopflerfish.consoletty-3.0.1.link</url>
    </bundle>
    <bundle>
      <name>Knopflerfish Framework Commands</name>
      <url>link:classpath:runner-links/org.knopflerfish.frameworkcommands-3.2.0.link</url>
    </bundle>
  </profile>

</platform>