<platform>

  <name>Knopflerfish 5.2.0</name>
  <system>link:classpath:runner-links/org.knopflerfish.framework-7.2.0.link</system>

  <profile name="minimal" default="true"/>

  <profile name="tui" extends="minimal">
    <bundle>
      <name>Knopflerfish Log API</name>
      <url>link:classpath:runner-links/org.knopflerfish.log-api-5.0.0.link</url>
    </bundle>
    <bundle>
      <name>Knopflerfish Config Admin API</name>
      <url>link:classpath:runner-links/org.knopflerfish.cm-api-5.0.1.link</url>
    </bundle>
    <bundle>
      <name>Knopflerfish Console</name>
      <url>link:classpath:runner-links/org.knopflerfish.console-all-4.0.1.link</url>
    </bundle>
    <bundle>
      <name>Knopflerfish Console TTY</name>
      <url>link:classpath:runner-links/org.knopflerfish.consoletty-4.0.1.link</url>
    </bundle>
    <bundle>
      <name>Knopflerfish Framework Commands</name>
      <url>link:classpath:runner-links/org.knopflerfish.frameworkcommands-4.0.1.link</url>
    </bundle>
  </profile>

</platform>