<platform>

    <name>Equinox 3.8.2</name>
    <system>link:classpath:runner-links/org.eclipse.osgi-3.8.2.link</system>

    <profile name="minimal" default="true"/>

    <profile name="tui" extends="minimal">
        <bundle>
            <name>Equinox Console (1.0.0)</name>
            <url>link:classpath:runner-links/org.eclipse.equinox.console-1.0.0.link</url>
        </bundle>
        <bundle>
            <name>Apache Felix Gogo Command (0.12.0)</name>
            <url>link:classpath:runner-links/org.apache.felix.gogo.command-0.12.0.link</url>
        </bundle>
        <bundle>
            <name>Apache Felix Gogo Runtime (0.10.0)</name>
            <url>link:classpath:runner-links/org.apache.felix.gogo.runtime-0.10.0.link</url>
        </bundle>
        <bundle>
            <name>Apache Felix Gogo Shell (0.10.0)</name>
            <url>link:classpath:runner-links/org.apache.felix.gogo.shell-0.10.0.link</url>
        </bundle>
    </profile>

</platform>